{
  "precision": 0.8908668730650154,
  "recall": 0.9350121852152722,
  "f1_score": 0.912405866032501,
  "roc_auc": 0.9348480578258923,
  "confusion_matrix": [
    [
      839,
      141
    ],
    [
      80,
      1151
    ]
  ],
  "feature_importance": [
    0.003144116359325655,
    0.0,
    0.05937651113356865,
    0.008470996403656552,
    0.9138547020226016,
    0.011522179343594719,
    0.0036314947372527526
  ]
}